{"stats":{"minecraft:custom":{"minecraft:jump":43,"minecraft:time_since_rest":3605,"minecraft:damage_dealt":10,"minecraft:crouch_one_cm":168,"minecraft:sprint_one_cm":5331,"minecraft:leave_game":2,"minecraft:play_time":3605,"minecraft:time_since_death":3605,"minecraft:walk_one_cm":4130,"minecraft:sneak_time":263,"minecraft:total_world_time":3605,"minecraft:fall_one_cm":1281,"minecraft:fly_one_cm":4200},"minecraft:mined":{"minecraft:grass":3,"minecraft:oak_log":6,"minecraft:oak_leaves":25},"minecraft:picked_up":{"minecraft:oak_log":6,"minecraft:stick":1,"minecraft:apple":1,"minecraft:wheat_seeds":1}},"DataVersion":3120}